a,alfa_fisher,b,consanguinidad,departamentos_n,ins,maximos,medias,minimos,n,provincia_codigo,provincia_nombre,s
0.006349075136315097,715.6879755013439,0.05355199100367602,0.0006178804383156352,26,0.002673415322731529,"{'n': 1553233, 's': 100290, 'ins': 0.013154867064725528, 'alfa_fisher': 978, 'consanguinidad': 0.0026251324792740966, 'a': 0.16404929863505407, 'b': 0.27636316510618864}","{'n': 122167.96153846153, 's': 10837.5, 'ins': 0.004100192782481351, 'alfa_fisher': 358.38461538461536, 'consanguinidad': 0.0009263216277695997, 'a': 0.057999563581424406, 'b': 0.10417896255677106}","{'n': 2155, 's': 361, 'ins': 0.0005778209035754809, 'alfa_fisher': 57, 'consanguinidad': 0.0001850305260394769, 'a': 0.020841585737930483, 'b': 0.031723015601599076}",3176367,14,Córdoba,76102
0.018350491279916305,182.8960468851977,0.13256531056871987,0.0007589535277770635,16,0.006077402868623507,"{'n': 76964, 's': 5566, 'ins': 0.031931283175066966, 'alfa_fisher': 267, 'consanguinidad': 0.017242157170684193, 'a': 0.08158306306306307, 'b': 0.4030225225225225}","{'n': 12611.5625, 's': 1138.375, 'ins': 0.01084197187858918, 'alfa_fisher': 108.9375, 'consanguinidad': 0.0029288672449230575, 'a': 0.04801060536896418, 'b': 0.16664049090043218}","{'n': 848, 's': 185, 'ins': 0.0035323067255770097, 'alfa_fisher': 30, 'consanguinidad': 0.0005295698573845531, 'a': 0.019388505972195026, 'b': 0.06279728727349795}",201785,10,Catamarca,8331
